Time of Day	Process Name	PID	Operation	Path	Result	Detail
54:10.4	QlikViewDesktop_x86Setup.exe	5356	IRP_MJ_CREATE	D:\tmp\QlikView 11.2 SR1 32bit\msi.dll	NAME NOT FOUND	"Desired Access: Read Attributes, Disposition: Open, Options: Open Reparse Point, Attributes: n/a, ShareMode: Read, Write, Delete, AllocationSize: n/a"
54:10.4	QlikViewDesktop_x86Setup.exe	5356	IRP_MJ_CREATE	D:\tmp\QlikView 11.2 SR1 32bit\sfc_os.dll	NAME NOT FOUND	"Desired Access: Read Attributes, Disposition: Open, Options: Open Reparse Point, Attributes: n/a, ShareMode: Read, Write, Delete, AllocationSize: n/a"
54:10.4	QlikViewDesktop_x86Setup.exe	5356	IRP_MJ_CREATE	D:\tmp\QlikView 11.2 SR1 32bit\WINTRUST.dll	NAME NOT FOUND	"Desired Access: Read Attributes, Disposition: Open, Options: Open Reparse Point, Attributes: n/a, ShareMode: Read, Write, Delete, AllocationSize: n/a"
54:10.4	QlikViewDesktop_x86Setup.exe	5356	IRP_MJ_CREATE	D:\tmp\QlikView 11.2 SR1 32bit\CRYPT32.dll	NAME NOT FOUND	"Desired Access: Read Attributes, Disposition: Open, Options: Open Reparse Point, Attributes: n/a, ShareMode: Read, Write, Delete, AllocationSize: n/a"
54:10.4	QlikViewDesktop_x86Setup.exe	5356	IRP_MJ_CREATE	D:\tmp\QlikView 11.2 SR1 32bit\MSASN1.dll	NAME NOT FOUND	"Desired Access: Read Attributes, Disposition: Open, Options: Open Reparse Point, Attributes: n/a, ShareMode: Read, Write, Delete, AllocationSize: n/a"
54:10.4	QlikViewDesktop_x86Setup.exe	5356	IRP_MJ_CREATE	D:\tmp\QlikView 11.2 SR1 32bit\MsiMsg.dll	NAME NOT FOUND	"Desired Access: Read Attributes, Disposition: Open, Options: Open Reparse Point, Attributes: n/a, ShareMode: Read, Write, Delete, AllocationSize: n/a"
54:10.4	QlikViewDesktop_x86Setup.exe	5356	IRP_MJ_CREATE	D:\tmp\QlikView 11.2 SR1 32bit\MsiMsg.dll	NAME NOT FOUND	"Desired Access: Read Attributes, Disposition: Open, Options: Open Reparse Point, Attributes: n/a, ShareMode: Read, Write, Delete, AllocationSize: n/a"
54:10.4	QlikViewDesktop_x86Setup.exe	5356	IRP_MJ_CREATE	D:\tmp\QlikView 11.2 SR1 32bit\MsiMsg.dll	NAME NOT FOUND	"Desired Access: Read Attributes, Disposition: Open, Options: Open Reparse Point, Attributes: n/a, ShareMode: Read, Write, Delete, AllocationSize: n/a"
54:10.4	QlikViewDesktop_x86Setup.exe	5356	IRP_MJ_CREATE	D:\tmp\QlikView 11.2 SR1 32bit\rsaenh.dll	NAME NOT FOUND	"Desired Access: Read Attributes, Disposition: Open, Options: Open Reparse Point, Attributes: n/a, ShareMode: Read, Write, Delete, AllocationSize: n/a"
54:10.4	QlikViewDesktop_x86Setup.exe	5356	IRP_MJ_CREATE	D:\tmp\QlikView 11.2 SR1 32bit\rsaenh.dll	NAME NOT FOUND	"Desired Access: Read Attributes, Disposition: Open, Options: Open Reparse Point, Attributes: n/a, ShareMode: Read, Write, Delete, AllocationSize: n/a"
54:10.4	QlikViewDesktop_x86Setup.exe	5356	IRP_MJ_CREATE	D:\tmp\QlikView 11.2 SR1 32bit\rsaenh.dll	NAME NOT FOUND	"Desired Access: Read Attributes, Disposition: Open, Options: Open Reparse Point, Attributes: n/a, ShareMode: Read, Write, Delete, AllocationSize: n/a"
54:10.5	QlikViewDesktop_x86Setup.exe	5356	IRP_MJ_CREATE	D:\tmp\QlikView 11.2 SR1 32bit\MSISIP.DLL	NAME NOT FOUND	"Desired Access: Read Attributes, Disposition: Open, Options: Open Reparse Point, Attributes: n/a, ShareMode: Read, Write, Delete, AllocationSize: n/a"
54:10.5	QlikViewDesktop_x86Setup.exe	5356	IRP_MJ_CREATE	D:\tmp\QlikView 11.2 SR1 32bit\xpsp2res.dll	NAME NOT FOUND	"Desired Access: Read Attributes, Disposition: Open, Options: Open Reparse Point, Attributes: n/a, ShareMode: Read, Write, Delete, AllocationSize: n/a"
54:10.7	QlikViewDesktop_x86Setup.exe	5356	IRP_MJ_CREATE	D:\tmp\QlikView 11.2 SR1 32bit\netapi32.dll	NAME NOT FOUND	"Desired Access: Read Attributes, Disposition: Open, Options: Open Reparse Point, Attributes: n/a, ShareMode: Read, Write, Delete, AllocationSize: n/a"
54:10.8	QlikViewDesktop_x86Setup.exe	5356	IRP_MJ_CREATE	D:\tmp\QlikView 11.2 SR1 32bit\cryptnet.dll	NAME NOT FOUND	"Desired Access: Read Attributes, Disposition: Open, Options: Open Reparse Point, Attributes: n/a, ShareMode: Read, Write, Delete, AllocationSize: n/a"
54:10.8	QlikViewDesktop_x86Setup.exe	5356	IRP_MJ_CREATE	D:\tmp\QlikView 11.2 SR1 32bit\PSAPI.DLL	NAME NOT FOUND	"Desired Access: Read Attributes, Disposition: Open, Options: Open Reparse Point, Attributes: n/a, ShareMode: Read, Write, Delete, AllocationSize: n/a"
54:10.8	QlikViewDesktop_x86Setup.exe	5356	IRP_MJ_CREATE	D:\tmp\QlikView 11.2 SR1 32bit\SensApi.dll	NAME NOT FOUND	"Desired Access: Read Attributes, Disposition: Open, Options: Open Reparse Point, Attributes: n/a, ShareMode: Read, Write, Delete, AllocationSize: n/a"
54:10.8	QlikViewDesktop_x86Setup.exe	5356	IRP_MJ_CREATE	D:\tmp\QlikView 11.2 SR1 32bit\WINHTTP.dll	NAME NOT FOUND	"Desired Access: Read Attributes, Disposition: Open, Options: Open Reparse Point, Attributes: n/a, ShareMode: Read, Write, Delete, AllocationSize: n/a"
54:10.9	QlikViewDesktop_x86Setup.exe	5356	IRP_MJ_CREATE	D:\tmp\QlikView 11.2 SR1 32bit\CLBCATQ.DLL	NAME NOT FOUND	"Desired Access: Read Attributes, Disposition: Open, Options: Open Reparse Point, Attributes: n/a, ShareMode: Read, Write, Delete, AllocationSize: n/a"
54:10.9	QlikViewDesktop_x86Setup.exe	5356	IRP_MJ_CREATE	D:\tmp\QlikView 11.2 SR1 32bit\COMRes.dll	NAME NOT FOUND	"Desired Access: Read Attributes, Disposition: Open, Options: Open Reparse Point, Attributes: n/a, ShareMode: Read, Write, Delete, AllocationSize: n/a"
54:11.6	QlikViewDesktop_x86Setup.exe	5356	IRP_MJ_CREATE	D:\tmp\QlikView 11.2 SR1 32bit\UxTheme.dll	NAME NOT FOUND	"Desired Access: Read Attributes, Disposition: Open, Options: Open Reparse Point, Attributes: n/a, ShareMode: Read, Write, Delete, AllocationSize: n/a"
54:11.6	QlikViewDesktop_x86Setup.exe	5356	IRP_MJ_CREATE	D:\tmp\QlikView 11.2 SR1 32bit\SHFolder.dll	NAME NOT FOUND	"Desired Access: Read Attributes, Disposition: Open, Options: Open Reparse Point, Attributes: n/a, ShareMode: Read, Write, Delete, AllocationSize: n/a"
54:16.7	QlikViewDesktop_x86Setup.exe	5356	IRP_MJ_CREATE	D:\tmp\QlikView 11.2 SR1 32bit\MSIEXEC.EXE	NAME NOT FOUND	"Desired Access: Read Attributes, Disposition: Open, Options: Open Reparse Point, Attributes: n/a, ShareMode: Read, Write, Delete, AllocationSize: n/a"
54:16.7	QlikViewDesktop_x86Setup.exe	5356	IRP_MJ_CREATE	D:\tmp\QlikView 11.2 SR1 32bit\MSIEXEC.EXE	NAME NOT FOUND	"Desired Access: Read Attributes, Disposition: Open, Options: Open Reparse Point, Attributes: n/a, ShareMode: Read, Write, Delete, AllocationSize: n/a"
